keys,en,de
Cowboy Trail,Cowboy Trail,Cowboy-Pfad
Saddling up,Saddling up,Wir satteln auf
Saddling up...,Saddling up...,Wir satteln auf...
"Help Lucky Mario Luke on his quest to make the wild west a safer place.","Help Lucky Mario Luke on his quest to make the wild west a safer place.","Hilf Lucky Mario Luke auf seiner Mission, den Wilden Westen sicherer zu machen."
Save 1,Save 1,Spielstand 1
Save 2,Save 2,Spielstand 2
Save 3,Save 3,Spielstand 3
Build Your Own Trail,Build Your Own Trail,Baue deinen eigenen Pfad
Campaign Workshop,Campaign Workshop,Kampagnen-Werkstatt
Controls,Controls,Steuerung
"Delete save: right-click, Space, or controller Y","Delete save: right-click, Space, or controller Y","Spielstand löschen: Rechtsklick, Leertaste oder Controller-Y"
Delete the selected save? This cannot be undone.,Delete the selected save? This cannot be undone.,Den ausgewählten Spielstand löschen? Das kann nicht rückgängig gemacht werden.
Delete save?,Delete save?,Spielstand löschen?
Delete,Delete,Löschen
Keep it,Keep it,Behalten
English,English,Englisch
Deutsch,Deutsch,Deutsch
Trail Pause,Trail Pause,Pause
Keep Riding,Keep Riding,Weiterreiten
Save Game,Save Game,Spiel speichern
Load Game,Load Game,Spiel laden
Restart Trail at Level 1,Restart Trail at Level 1,Pfad bei Level 1 neu beginnen
Restart Level,Restart Level,Level neu starten
Back to Start Screen,Back to Start Screen,Zurück zum Startbildschirm
Settings,Settings,Einstellungen
Quit,Quit,Beenden
Exit Game,Exit Game,Spiel beenden
Trail Options,Trail Options,Pfad-Optionen
Music,Music,Musik
Sound,Sound,Ton
Controller buzz,Controller buzz,Controller-Vibration
Big screen,Big screen,Vollbild
Language,Language,Sprache
Language: English,Language: English,Sprache: Englisch
Language: German,Language: German,Sprache: Deutsch
Back,Back,Zurück
Level,Level,Level
Badges: %d,Badges: %d,Abzeichen: %d
Power: -,Power: -,Kraft: -
"Power: %s (%.0fs)","Power: %s (%.0fs)","Kraft: %s (%.0fs)"
TRAIL %d%%,TRAIL %d%%,PFAD %d%%
Yeehaw!,Yeehaw!,Jippie!
Next trail ahead...,Next trail ahead...,Der nächste Pfad wartet...
Badges found: %d,Badges found: %d,Abzeichen gefunden: %d
Next trail!,Next trail!,Nächster Pfad!
The cowboy rides in...,The cowboy rides in...,Der Cowboy reitet los...
Ready!,Ready!,Bereit!
Trail complete!,Trail complete!,Pfad geschafft!
%s  %d badges!,%s  %d badges!,%s  %d Abzeichen!
The cowboy rides into the sunset...,The cowboy rides into the sunset...,Der Cowboy reitet in den Sonnenuntergang...
Empty,Empty,Leer
Press to start,Press to start,Drücken zum Starten
Save %d,Save %d,Spielstand %d
Save %d is already empty.,Save %d is already empty.,Spielstand %d ist bereits leer.
Delete Save %d? This cannot be undone.,Delete Save %d? This cannot be undone.,Spielstand %d löschen? Das kann nicht rückgängig gemacht werden.
DONE,DONE,FERTIG
Trail %s,Trail %s,Pfad %s
"Badges %d | Time %dm %ds","Badges %d | Time %dm %ds","Abzeichen %d | Zeit %dm %ds"
Dusty Trail,Dusty Trail,Staubiger Pfad
Badge Meadow,Badge Meadow,Abzeichen-Wiese
Bronco Springs,Bronco Springs,Bronco-Quellen
Canyon Ferry,Canyon Ferry,Canyon-Fähre
Outlaw Cave,Outlaw Cave,Gesetzlosen-Höhle
Windy Mesa,Windy Mesa,Windige Mesa
Sky Ranch,Sky Ranch,Himmels-Ranch
Rail Yard,Rail Yard,Rangierbahnhof
Moonlight Gulch,Moonlight Gulch,Mondlicht-Schlucht
Rainbow Saloon,Rainbow Saloon,Regenbogen-Saloon
Crystal Mouth,Crystal Mouth,Kristallmund
Bat Gallery,Bat Gallery,Fledermaus-Galerie
Acid Veins,Acid Veins,Säureadern
Ladder Grotto,Ladder Grotto,Leiter-Grotte
Wing Chasm,Wing Chasm,Flügelschlucht
Dragon Gate,Dragon Gate,Drachentor
Wings,Wings,Flügel
Magic Boots,Magic Boots,Magische Stiefel
Speed Star,Speed Star,Tempo-Stern
Bubble Shield,Bubble Shield,Blasenschild
Fly high!,Fly high!,Flieg hoch!
Super jump!,Super jump!,Supersprung!
Zoom!,Zoom!,Sause los!
Safe bubble!,Safe bubble!,Sichere Blase!
Fly high! Hold Jump to rise!,Fly high! Hold Jump to rise!,Flieg hoch! Halte Springen gedrückt!
Super jump! Leap farther!,Super jump! Leap farther!,Supersprung! Springe weiter!
Zoom! Run like the wind!,Zoom! Run like the wind!,Sause los! Renn wie der Wind!
Safe bubble! Bounce off cacti!,Safe bubble! Bounce off cacti!,Sichere Blase! Pralle von Kakteen ab!
Loaded! Back at your saved camp.,Loaded! Back at your saved camp.,Geladen! Zurück am gespeicherten Lager.
Let's go: %s!,Let's go: %s!,Los geht's: %s!
Oops! Back to camp!,Oops! Back to camp!,Hoppla! Zurück zum Lager!
Camp saved!,Camp saved!,Lager gespeichert!
Wind pushes you!,Wind pushes you!,Der Wind schiebt dich!
Boing! Springs launch you up!,Boing! Springs launch you up!,Boing! Sprungfedern schleudern dich hoch!
The belt pushes you along!,The belt pushes you along!,Das Förderband schiebt dich weiter!
Watch the gate! Wait or hurry!,Watch the gate! Wait or hurry!,Achte auf das Tor! Warte oder beeile dich!
Nice! %d badges!,Nice! %d badges!,Klasse! %d Abzeichen!
Game saved at camp!,Game saved at camp!,Spiel am Lager gespeichert!
Bounce! Bubble safe!,Bounce! Bubble safe!,Hüpf! Die Blase schützt dich!
Bounty caught! +%d badges!,Bounty caught! +%d badges!,Gesuchten gefangen! +%d Abzeichen!
Treasure chest! +1 badge!,Treasure chest! +1 badge!,Schatztruhe! +1 Abzeichen!
Treasure chest! Fly high! Hold Jump to rise!,Treasure chest! Fly high! Hold Jump to rise!,Schatztruhe! Flieg hoch! Halte Springen zum Steigen!
Treasure chest! Super jump! Leap farther!,Treasure chest! Super jump! Leap farther!,Schatztruhe! Super-Sprung! Spring weiter!
Treasure chest! Zoom! Run like the wind!,Treasure chest! Zoom! Run like the wind!,Schatztruhe! Zoom! Renn wie der Wind!
Treasure chest! Safe bubble! Bounce off cacti!,Treasure chest! Safe bubble! Bounce off cacti!,Schatztruhe! Sichere Blase! Hüpf von Kakteen ab!
Treasure chest opened!,Treasure chest opened!,Schatztruhe geöffnet!
Nice ride! Keep going!,Nice ride! Keep going!,Guter Ritt! Weiter so!
Halfway to the saloon!,Halfway to the saloon!,Halbzeit bis zum Saloon!
"Almost there, cowboy!","Almost there, cowboy!","Fast geschafft, Cowboy!"
The saloon is close!,The saloon is close!,Der Saloon ist ganz nah!
Run and jump along the long dusty trail to the saloon!,Run and jump along the long dusty trail to the saloon!,Renne und springe über den langen staubigen Pfad bis zum Saloon!
Ride and jump with your horse along the dusty trail to the saloon!,Ride and jump with your horse along the dusty trail to the saloon!,Reite und springe mit deinem Pferd über den staubigen Pfad bis zum Saloon!
Collect lots of shiny sheriff badges on the meadow trail.,Collect lots of shiny sheriff badges on the meadow trail.,Sammle viele glänzende Sheriff-Abzeichen auf dem Wiesenpfad.
Bounce on bronco springs to reach high ledges.,Bounce on bronco springs to reach high ledges.,Hüpfe auf Bronco-Federn zu den hohen Vorsprüngen.
Ride wooden rafts across the long canyon river.,Ride wooden rafts across the long canyon river.,Fahre mit Holzflößen über den langen Canyon-Fluss.
Use camps and jump over sleepy outlaws.,Use camps and jump over sleepy outlaws.,Nutze die Lager und springe über schläfrige Gesetzlose.
Magic Boots and desert wind help long jumps.,Magic Boots and desert wind help long jumps.,Magische Stiefel und Wüstenwind helfen bei weiten Sprüngen.
"Wings up! Use clouds as bridges, climb to high badges, and fly between stacked carrions.","Wings up! Use clouds as bridges, climb to high badges, and fly between stacked carrions.","Flügel raus! Nutze Wolken als Brücken, klettere zu hohen Abzeichen und fliege zwischen den Geiern."
"Bubble Shields, conveyors, and yard gates ahead!","Bubble Shields, conveyors, and yard gates ahead!","Blasenschilde, Förderbänder und Hoftore voraus!"
Use every trail trick on this long gulch ride.,Use every trail trick on this long gulch ride.,Nutze auf diesem langen Ritt durch die Schlucht jeden Trick.
A big celebration ride all the way to the saloon!,A big celebration ride all the way to the saloon!,Ein großer Siegesritt bis zum Saloon!
"Stampede Bull — bounce, then lasso the ring while stunned!","Stampede Bull — bounce, then lasso the ring while stunned!","Stampede-Bulle — hüpfe und fange dann im Taumeln den Ring!"
"Midnight Coach — chase and lasso doors 1-2-3!","Midnight Coach — chase and lasso doors 1-2-3!","Mitternachtskutsche — jage sie und fange die Türen 1-2-3!"
"Outlaw Kingpin — tie the guards, then lasso the boss once!","Outlaw Kingpin — tie the guards, then lasso the boss once!","Gesetzlosenboss — fessle die Wachen und fange dann einmal den Boss!"
"Cave Dragon — dodge flameballs, then lasso him three times!","Cave Dragon — dodge flameballs, then lasso him three times!","Höhledrache — weiche den Flammkugeln aus und fange ihn dreimal mit dem Lasso!"
Dodge the flameballs!,Dodge the flameballs!,Weiche den Flammkugeln aus!
Lasso the dragon! (%d / %d),Lasso the dragon! (%d / %d),Fange den Drachen mit dem Lasso! (%d / %d)
Nice lasso! (%d / %d) — here he comes again!,Nice lasso! (%d / %d) — here he comes again!,Schönes Lasso! (%d / %d) — er kommt wieder!
Dragon's mouth is tied — you win!,Dragon's mouth is tied — you win!,Das Maul des Drachen ist zugebunden — du gewinnst!
Keep up! Coach waits if you fall a screen behind.,Keep up! Coach waits if you fall a screen behind.,Bleib dran! Die Kutsche wartet wenn du einen Bildschirm zurückfällst.
They're rolling again!,They're rolling again!,Sie rollen wieder!
LOOK OUT!,LOOK OUT!,PASS AUF!
Dust surge!,Dust surge!,Staubwelle!
Lantern!,Lantern!,Laterne!
Catch up!,Catch up!,Hol auf!
Wrong door — start with door %d!,Wrong door — start with door %d!,Falsche Tür — beginne mit Tür %d!
Door %d open! (%d/3),Door %d open! (%d/3),Tür %d offen! (%d/3)
Driver gives up!,Driver gives up!,Der Kutscher gibt auf!
Now! Lasso the ring!,Now! Lasso the ring!,Jetzt! Fang den Ring mit dem Lasso!
Ring caught! %d / %d,Ring caught! %d / %d,Ring gefangen! %d / %d
Legs tied!,Legs tied!,Beine gefesselt!
Guard tied! %d left,Guard tied! %d left,Wache gefesselt! Noch %d
Now lasso the Kingpin!,Now lasso the Kingpin!,Fang jetzt den Boss mit dem Lasso!
Tie the bodyguards first!,Tie the bodyguards first!,Fessle zuerst die Leibwächter!
Kingpin captured!,Kingpin captured!,Boss gefangen!
Boss cleared!,Boss cleared!,Boss geschafft!
Out of hearts — restarting!,Out of hearts — restarting!,Keine Herzen mehr — Neustart!
Move: %s   Jump: %s   Lasso: %s   Pause: %s,Move: %s   Jump: %s   Lasso: %s   Pause: %s,Bewegen: %s   Springen: %s   Lasso: %s   Pause: %s
Translation Editor,Translation Editor,Übersetzungseditor
Element Names,Element Names,Elementnamen
Element name sheet,Element name sheet,Elementnamen-Übersicht
Zoom in,Zoom in,Vergrößern
Zoom out,Zoom out,Verkleinern
Mouse wheel zooms · drag to pan,Mouse wheel zooms · drag to pan,Mausrad zoomt · Ziehen zum Verschieben
Edit English and German. Parameter examples appear below matching entries.,Edit English and German. Parameter examples appear below matching entries.,Bearbeite Englisch und Deutsch. Parameterbeispiele stehen unter den passenden Einträgen.
Search keys or translations...,Search keys or translations...,Schlüssel oder Übersetzungen suchen...
Example,Example,Beispiel
Placeholder mismatch,Placeholder mismatch,Platzhalter stimmen nicht überein
Export location,Export location,Exportziel
Save / Export CSV,Save / Export CSV,CSV speichern / exportieren
Could not export translations,Could not export translations,Übersetzungen konnten nicht exportiert werden
Translations exported,Translations exported,Übersetzungen exportiert
Trail name,Trail name,Pfadname
Save Trail,Save Trail,Pfad speichern
Reset Changes,Reset Changes,Änderungen zurücksetzen
Play Test,Play Test,Test spielen
Back to Campaign Workshop,Back to Campaign Workshop,Zurück zur Kampagnen-Werkstatt
Reset trail?,Reset trail?,Pfad zurücksetzen?
Discard unsaved changes and return to the last saved trail?,Discard unsaved changes and return to the last saved trail?,Ungespeicherte Änderungen verwerfen und zum zuletzt gespeicherten Pfad zurückkehren?
Reset,Reset,Zurücksetzen
Keep editing,Keep editing,Weiter bearbeiten
Trail saved!,Trail saved!,Pfad gespeichert!
Could not save the trail.,Could not save the trail.,Der Pfad konnte nicht gespeichert werden.
No unsaved changes to reset.,No unsaved changes to reset.,Keine ungespeicherten Änderungen zum Zurücksetzen.
Trail reset to the last saved version.,Trail reset to the last saved version.,Pfad auf die zuletzt gespeicherte Version zurückgesetzt.
New trail reset to its starting layout.,New trail reset to its starting layout.,Neuer Pfad auf das Startlayout zurückgesetzt.
Edit Campaign Level,Edit Campaign Level,Kampagnen-Level bearbeiten
Add Campaign Level,Add Campaign Level,Kampagnen-Level hinzufügen
"1. Pick a stamp   2. Pick a square   3. Save or Play Test","1. Pick a stamp   2. Pick a square   3. Save or Play Test","1. Stempel wählen   2. Feld wählen   3. Speichern oder Test spielen"
Bottom row is dirt/canyon. Ground props stamp one row above dirt so they stand on the trail. Hover a stamp to see its border; right-click removes it. Canyon arrows grow or shrink a gap.,Bottom row is dirt/canyon. Ground props stamp one row above dirt so they stand on the trail. Hover a stamp to see its border; right-click removes it. Canyon arrows grow or shrink a gap.,Die unterste Zeile ist Erde/Canyon. Boden-Stempel kommen eine Zeile über die Erde damit sie auf dem Pfad stehen. Zeige mit der Maus auf einen Stempel um seinen Rahmen zu sehen; Rechtsklick entfernt ihn. Canyon-Pfeile verbreitern oder verengen eine Lücke.
Stamp,Stamp,Stempel
Stamp category,Stamp category,Stempel-Kategorie
Stamp tool,Stamp tool,Stempel-Werkzeug
Path stamp,Path stamp,Pfad-Stempel
Trail,Trail,Pfad
Pickups,Pickups,Sammelobjekte
Hazards,Hazards,Gefahren
Enemies,Enemies,Gegner
Power-ups,Power-ups,Power-ups
Goal,Goal,Ziel
Tools,Tools,Werkzeug
Dirt,Dirt,Erde
Plank,Plank,Brett
Badge,Badge,Stern
Treasure Chest,Treasure Chest,Schatztruhe
Cactus,Cactus,Kaktus
Canyon,Canyon,Canyon
Camp,Camp,Lager
Spring,Spring,Feder
Bandit,Bandit,Bandit
Bounty Bandit,Bounty Bandit,Gesuchter Bandit
Rattlesnake,Rattlesnake,Klapperschlange
Carrion Bird,Carrion Bird,Aasgeier
Saloon,Saloon,Saloon
Erase,Erase,Radierer
Fence,Fence,Zaun
Moving Plank,Moving Plank,Fahrendes Brett
Moving Cloud,Moving Cloud,Fahrende Wolke
Blink Cloud,Blink Cloud,Blink-Wolke
Wind,Wind,Wind
Motion,Motion,Bewegung
Desert,Desert,Wüste
Cave,Cave,Höhle
Horse,Horse,Pferd
Level style,Level style,Level-Stil
Cave Floor,Cave Floor,Höhlenboden
Cave Gap,Cave Gap,Höhlenspalte
Crystal Ledge,Crystal Ledge,Kristallbrett
Poison Fungus,Poison Fungus,Giftpilz
Floor Hole,Floor Hole,Bodenloch
Bow Skeleton,Bow Skeleton,Bogenschützen-Skelett
Crystal Skeleton,Crystal Skeleton,Kristall-Skelett
Cave Lizard,Cave Lizard,Höhlen-Eidechse
Scorpion,Scorpion,Skorpion
Lantern Camp,Lantern Camp,Laternen-Lager
Crystal Gate,Crystal Gate,Kristalltor
Pink Drop,Pink Drop,Rosa Tropfen
Stalactite,Stalactite,Stalaktit
Cave Bat,Cave Bat,Höhlen-Fledermaus
Bull,Bull,Bulle
Ninja,Ninja,Ninja
Pit,Pit,Grube
Ladder,Ladder,Leiter
"Live preview (3/4 size) — full height, follows stamp cursor","Live preview (3/4 size) — full height, follows stamp cursor",Live-Vorschau (3/4 Größe) — volle Höhe folgt dem Stempel-Cursor
"Live preview — full height, edge scroll to pan","Live preview — full height, edge scroll to pan","Live-Vorschau — volle Höhe, Rand scrollt zum Schwenken"
Stamp grid,Stamp grid,Stempelraster
Hide stamp grid,Hide stamp grid,Stempelraster ausblenden
Show stamp grid,Show stamp grid,Stempelraster einblenden
Stamp: Dirt — keep a dirt path under the cowboy and saloon.,Stamp: Dirt — keep a dirt path under the cowboy and saloon.,Stempel: Erde — halte einen Erdpfad unter Cowboy und Saloon.
"Add Dirt and a Saloon before play-testing.","Add Dirt and a Saloon before play-testing.","Füge Erde und einen Saloon hinzu, bevor du testest."
"Edit a copy of any campaign level, or insert a new trail before any level.","Edit a copy of any campaign level, or insert a new trail before any level.","Bearbeite eine Kopie eines Kampagnen-Levels oder füge einen neuen Pfad vor einem Level ein."
Export Trails,Export Trails,Pfade exportieren
Import Trails,Import Trails,Pfade importieren
Export Trail,Export Trail,Pfad exportieren
Import Trail,Import Trail,Pfad importieren
No custom trails to export.,No custom trails to export.,Keine eigenen Pfade zum Exportieren.
Could not write trail pack.,Could not write trail pack.,Pfad-Paket konnte nicht geschrieben werden.
Exported %d trail(s).,Exported %d trail(s).,%d Pfad(e) exportiert.
Could not import trail pack.,Could not import trail pack.,Pfad-Paket konnte nicht importiert werden.
Trail exported.,Trail exported.,Pfad exportiert.
Trail imported.,Trail imported.,Pfad importiert.
Imported first of %d trails.,Imported first of %d trails.,Ersten von %d Pfaden importiert.
Edit level,Edit level,Level bearbeiten
Add before,Add before,Davor einfügen
Restore original,Restore original,Original wiederherstellen
Extra before position %d: %s,Extra before position %d: %s,Extra vor Position %d: %s
Extra Trail,Extra Trail,Extra-Pfad
Edit,Edit,Bearbeiten
Remove,Remove,Entfernen
+ Add a new level after Level 10,+ Add a new level after Level 10,+ Neues Level nach Level 10 hinzufügen
+ Add a new trail at the end,+ Add a new trail at the end,+ Neuen Pfad am Ende hinzufügen
self-made,★ Homemade,★ Eigenbau
changed,Changed,Geändert
Self-made trails sit in campaign order. Changed campaign trails are marked. Add a trail before any row.,Self-made trails sit in campaign order. Changed campaign trails are marked. Add a trail before any row.,Eigenbau-Pfade stehen an der richtigen Kampagnen-Stelle (grüner ★-Badge). Geänderte Kampagnen-Pfade sind orange markiert. Vor jeder Zeile kannst du einen Pfad einfügen.
Back to Cowboy Trail,Back to Cowboy Trail,Zurück zum Cowboy-Pfad
+ Length,+ Length,+ Länge
− Length,− Length,− Länge
Trail length: %d columns,Trail length: %d columns,Pfadlänge: %d Spalten
Classic,Classic,Klassisch
Advanced Mode,Advanced Mode,Fortgeschrittenen-Modus
Advanced ★%d,Advanced ★%d,Fortgeschritten ★%d
Character,Character,Figur
Cowboy,Cowboy,Cowboy
Cowgirl,Cowgirl,Cowgirl
Pick Cowboy or Cowgirl,Pick Cowboy or Cowgirl,Wähle Cowboy oder Cowgirl
Playing as %s,Playing as %s,Du spielst als %s
Trail mode,Trail mode,Spielmodus
Lives: %s,Lives: %s,Leben: %s
Lives: 0,Lives: 0,Leben: 0
GAME OVER,GAME OVER,SPIEL VORBEI
The trail got the better of you...,The trail got the better of you...,Der Pfad war stärker als du...
Extra life! +1 life,Extra life! +1 life,Extra-Leben! +1 Leben
Out of lives!,Out of lives!,Keine Leben mehr!
%d lives left!,%d lives left!,%d Leben übrig!
Widen canyon left,Widen canyon left,Canyon nach links verbreitern
Narrow canyon from the left,Narrow canyon from the left,Canyon von links verengen
Widen canyon right,Widen canyon right,Canyon nach rechts verbreitern
Narrow canyon from the right,Narrow canyon from the right,Canyon von rechts verengen
This canyon is too wide to jump,This canyon is too wide to jump,Dieser Canyon ist zu breit zum Springen
Right-click to remove,Right-click to remove,Rechtsklick zum Entfernen
